{
  "project_info": {
    "project_number": "170198024812",
    "firebase_url": "https://notepad-91551.firebaseio.com",
    "project_id": "notepad-91551",
    "storage_bucket": "notepad-91551.appspot.com"
  },
  "client": [
    {
      "client_info": {
        "mobilesdk_app_id": "1:170198024812:android:e2a75fdbdd815ca7c94e49",
        "android_client_info": {
          "package_name": "com.example.notepad"
        }
      },
      "oauth_client": [
        {
          "client_id": "170198024812-8e5ads0i5079juaunrcjs0vp2vqg9ib8.apps.googleusercontent.com",
          "client_type": 1,
          "android_info": {
            "package_name": "com.example.notepad",
            "certificate_hash": "963163379da723bae3f26d7e6b9937dd7fc5bf71"
          }
        },
        {
          "client_id": "170198024812-13iemsp2724sq7arfc9rg865p23pgqqh.apps.googleusercontent.com",
          "client_type": 3
        }
      ],
      "api_key": [
        {
          "current_key": "AIzaSyAPLvsKU5y4GxYo7P9BvfiY-LE9hbFFOsM"
        }
      ],
      "services": {
        "appinvite_service": {
          "other_platform_oauth_client": [
            {
              "client_id": "170198024812-13iemsp2724sq7arfc9rg865p23pgqqh.apps.googleusercontent.com",
              "client_type": 3
            }
          ]
        }
      }
    }
  ],
  "configuration_version": "1"
}